day,section,8-9,9-10,10-11,11-12,12-1,1-2,2-3,3-4,4-5,5-6
monday,CSE-1,,VT(L),VT(L),X,X,X,DBMS(L),DBMS(L),COA,DSS
tuesday,CSE-1,X,X,X,X,X,X,X,X,X,X
wednesday,CSE-1,X,X,X,DSS,COA,STW,X,DBMS,OS,X
thursday,CSE-1,X,X,X,OOPJ,OS,COA,X,DSS,OS(L),OS(L)
friday,CSE-1,X,X,X,X,STW,DBMS,X,DSS,COA,OOPJ
saturday,CSE-1,X,X,X,X,OS,OOPJ,X,DBMS,OOPJ(L),OOPJ(L)
monday,CSE-2,X,X,STW,DBMS,COA,DSS,X,X,X,X
tuesday,CSE-2,X,VT(L),VT(L),X,X,X,OS(L),OS(L),OOPJ,X
wednesday,CSE-2,OOPJ,OS,DBMS,DSS,STW,COA,X,X,X,X
thursday,CSE-2,DBMS,OOPJ(L),OOPJ(L),COA,OS,DSS,X,X,X,X
friday,CSE-2,DSS,DBMS(L),DBMS(L),COA,OS,OOPJ,X,X,X,X
saturday,CSE-2,X,X,X,X,X,X,X,X,X,X
monday,CSE-3,X,X,X,OOPJ,STW,DSS,X,COA,OOPJ(L),OOPJ(L)
tuesday,CSE-3,X,X,X,OOPJ,OS,DBMS,X,DSS,STW,COA
wednesday,CSE-3,X,VT(L),VT(L),X,X,X,DBMS(L),DBMS(L),DSS,COA
thursday,CSE-3,X,X,X,X,X,X,X,X,X,X
friday,CSE-3,X,X,X,OS,DBMS,DSS,X,COA,OS(L),OS(L)
saturday,CSE-3,X,X,X,OS,DBMS,X,X,OOPJ,X,X
monday,CSE-4,OOPJ,DBMS,COA,DSS,OS(L),OS(L),X,X,X,X
tuesday,CSE-4,X,COA,STW,DSS,DBMS(L),DBMS(L),X,X,X,X
wednesday,CSE-4,COA,OS,OOPJ,DBMS,STW,DSS,X,X,X,X
thursday,CSE-4,X,VT(L),VT(L),X,X,X,COA,OS,DSS,DBMS
friday,CSE-4,X,X,X,X,X,X,X,X,X,X
saturday,CSE-4,OS,OOPJ(L),OOPJ(L),OOPJ,X,X,X,X,X,X
monday,CSE-5,X,X,X,DSS,STW,COA,X,OS,OOPJ(L),OOPJ(L)
tuesday,CSE-5,X,X,X,DBMS,COA,X,X,DSS,DBMS(L),DBMS(L)
wednesday,CSE-5,X,X,X,DSS,DBMS,OOPJ,X,COA,OS(L),OS(L)
thursday,CSE-5,X,X,X,OS,COA,X,X,DBMS,DSS,OOPJ
friday,CSE-5,X,VT(L),VT(L),X,X,X,OOPJ,OS,STW,X
saturday,CSE-5,X,X,X,X,X,X,X,X,X,X
monday,CSE-6,X,X,X,X,X,X,X,X,X,X
tuesday,CSE-6,OS,OS(L),OS(L),DBMS,COA,DSS,X,X,X,X
wednesday,CSE-6,DSS,OOPJ(L),OOPJ(L),OOPJ,STW,COA,X,X,X,X
thursday,CSE-6,X,DBMS,OS,DSS,OOPJ,COA,X,X,X,X
friday,CSE-6,COA,DSS,STW,X,VT(L),VT(L),X,X,X,X
saturday,CSE-6,OOPJ,DBMS,X,X,X,X,DBMS(L),DBMS(L),OS,X
monday,CSE-7,X,VT(L),VT(L),X,X,X,OOPJ(L),OOPJ(L),DSS,X
tuesday,CSE-7,X,X,X,X,X,X,X,X,X,X
wednesday,CSE-7,X,X,X,DSS,OS,OOPJ,X,DBMS,COA,STW
thursday,CSE-7,X,X,X,DBMS,STW,OOPJ,X,DSS,COA,X
friday,CSE-7,X,X,X,OOPJ,OS,DSS,X,COA,DBMS(L),DBMS(L)
saturday,CSE-7,X,X,X,COA,OS,X,X,DBMS,OS(L),OS(L)
monday,CSE-8,OS,DBMS,DSS,DBMS,COA,X,X,X,X,X
tuesday,CSE-8,X,VT(L),VT(L),X,X,X,DBMS(L),DBMS(L),DSS,COA
wednesday,CSE-8,X,X,X,X,X,X,X,X,X,X
thursday,CSE-8,OOPJ,OOPJ(L),OOPJ(L),STW,COA,DSS,X,X,X,X
friday,CSE-8,DBMS,OOPJ,OS,STW,DSS,COA,X,X,X,X
saturday,CSE-8,OOPJ,OS(L),OS(L),OS,X,X,X,X,X,X
monday,CSE-9,X,X,X,DBMS,COA,X,X,OS,DSS,OOPJ
tuesday,CSE-9,X,X,X,COA,STW,DSS,X,OS,OOPJ(L),OOPJ(L)
wednesday,CSE-9,X,VT(L),VT(L),X,X,X,OS(L),OS(L),COA,DSS
thursday,CSE-9,X,X,X,X,X,X,X,X,X,X
friday,CSE-9,X,X,X,DSS,STW,OOPJ,X,DBMS,OS,COA
saturday,CSE-9,X,X,X,OOPJ,DBMS,X,X,X,DBMS(L),DBMS(L)
monday,CSE-10,DSS,OOPJ(L),OOPJ(L),OOPJ,COA,X,X,X,X,X
tuesday,CSE-10,DBMS,OS,OOPJ,COA,STW,DSS,X,X,X,X
wednesday,CSE-10,OOPJ,COA,OS,DSS,DBMS,STW,X,X,X,X
thursday,CSE-10,X,VT(L),VT(L),X,X,X,DBMS(L),DBMS(L),DSS,X
friday,CSE-10,X,X,X,X,X,X,X,X,X,X
saturday,CSE-10,COA,OS(L),OS(L),OS,DBMS,X,X,X,X,X
monday,CSE-11,X,X,X,DBMS,COA,DSS,X,OS,OOPJ(L),OOPJ(L)
tuesday,CSE-11,X,X,X,DBMS,STW,DSS,X,OOPJ,DBMS(L),DBMS(L)
wednesday,CSE-11,X,X,X,OOPJ,STW,DBMS,X,COA,OS(L),OS(L)
thursday,CSE-11,X,X,X,OS,DSS,X,X,COA,OOPJ,X
friday,CSE-11,X,VT(L),VT(L),X,X,X,DSS,OS,COA,X
saturday,CSE-11,X,X,X,X,X,X,X,X,X,X
monday,CSE-12,X,X,X,X,X,X,X,X,X,X
tuesday,CSE-12,DSS,OOPJ,STW,COA,DBMS(L),DBMS(L),X,X,X,X
wednesday,CSE-12,STW,OS,DSS,COA,DBMS,OOPJ,X,X,X,X
thursday,CSE-12,OOPJ,OOPJ(L),OOPJ(L),COA,DBMS,DSS,X,X,X,X
friday,CSE-12,OS,DSS,COA,X,VT(L),VT(L),X,X,X,X
saturday,CSE-12,X,OS,DBMS,X,X,X,OS(L),OS(L),X,X
monday,CSE-13,X,VT(L),VT(L),X,X,X,DBMS,DSS,OS,X
tuesday,CSE-13,X,X,X,X,X,X,X,X,X,X
wednesday,CSE-13,X,X,X,DSS,OS,OOPJ,X,COA,OS(L),OS(L)
thursday,CSE-13,X,X,X,COA,OOPJ,DSS,X,STW,OOPJ(L),OOPJ(L)
friday,CSE-13,X,X,X,COA,STW,DBMS,X,DSS,DBMS(L),DBMS(L)
saturday,CSE-13,X,X,X,OOPJ,X,X,X,COA,DBMS,OS
monday,CSE-14,DSS,OS,OOPJ,COA,OOPJ(L),OOPJ(L),X,X,X,X
tuesday,CSE-14,X,VT(L),VT(L),X,X,X,DBMS,STW,DSS,COA
wednesday,CSE-14,X,X,X,X,X,X,X,X,X,X
thursday,CSE-14,COA,OS(L),OS(L),OS,DBMS,DSS,X,X,X,X
friday,CSE-14,DSS,DBMS(L),DBMS(L),COA,STW,OOPJ,X,X,X,X
saturday,CSE-14,X,X,X,OOPJ,DBMS,OS,X,X,X,X
monday,CSE-15,X,X,X,OS,DSS,COA,X,DBMS,DBMS(L),DBMS(L)
tuesday,CSE-15,X,X,X,OS,STW,DSS,X,COA,OOPJ,DBMS
wednesday,CSE-15,X,VT(L),VT(L),X,X,X,DSS,STW,COA,OS
thursday,CSE-15,X,X,X,X,X,X,X,X,X,X
friday,CSE-15,X,X,X,COA,OOPJ,DBMS,X,DSS,OOPJ(L),OOPJ(L)
saturday,CSE-15,X,X,X,X,X,X,X,OOPJ,OS(L),OS(L)
monday,CSE-16,OS,OOPJ(L),OOPJ(L),DBMS,COA,DSS,X,X,X,X
tuesday,CSE-16,DSS,DBMS(L),DBMS(L),COA,OOPJ,STW,X,X,X,X
wednesday,CSE-16,STW,OOPJ,OS,DBMS,DSS,COA,X,X,X,X
thursday,CSE-16,X,VT(L),VT(L),X,X,X,DSS,COA,DBMS,X
friday,CSE-16,X,X,X,X,X,X,X,X,X,X
saturday,CSE-16,X,OS(L),OS(L),OOPJ,OS,X,X,X,X,X
monday,CSE-17,X,X,X,X,STW,COA,X,DSS,OOPJ(L),OOPJ(L)
tuesday,CSE-17,X,X,X,OOPJ,DSS,DBMS,X,OS,DBMS(L),DBMS(L)
wednesday,CSE-17,X,X,X,OS,STW,DBMS,X,DSS,OOPJ,COA
thursday,CSE-17,X,X,X,OOPJ,COA,X,X,OS,DBMS,DSS
friday,CSE-17,X,VT(L),VT(L),X,X,X,OS(L),OS(L),COA,X
saturday,CSE-17,X,X,X,X,X,X,X,X,X,X
monday,CSE-18,X,X,X,X,X,X,X,X,X,X
tuesday,CSE-18,COA,OS(L),OS(L),OS,DSS,STW,X,X,X,X
wednesday,CSE-18,COA,OOPJ(L),OOPJ(L),OOPJ,DBMS,DSS,X,X,X,X
thursday,CSE-18,DSS,COA,OS,X,VT(L),VT(L),X,X,X,X
friday,CSE-18,OOPJ,STW,OS,DBMS,COA,DSS,X,X,X,X
saturday,CSE-18,X,DBMS,OOPJ,X,X,X,DBMS(L),DBMS(L),X,X
monday,CSE-19,X,VT(L),VT(L),X,X,X,DSS,STW,DBMS,OS
tuesday,CSE-19,X,X,X,X,X,X,X,X,X,X
wednesday,CSE-19,X,X,X,OOPJ,OS,DSS,X,COA,OOPJ(L),OOPJ(L)
thursday,CSE-19,X,X,X,STW,COA,DSS,X,OOPJ,OS(L),OS(L)
friday,CSE-19,X,X,X,DBMS,COA,OS,X,DSS,DBMS(L),DBMS(L)
saturday,CSE-19,X,X,X,X,X,X,X,OOPJ,DBMS,COA
monday,CSE-20,X,DBMS,OS,COA,STW,DSS,X,X,X,X
tuesday,CSE-20,X,VT(L),VT(L),X,X,X,COA,DSS,DBMS,OOPJ
wednesday,CSE-20,X,X,X,X,X,X,X,X,X,X
thursday,CSE-20,COA,OOPJ,STW,DSS,OOPJ(L),OOPJ(L),X,X,X,X
friday,CSE-20,OS,DBMS,COA,DSS,DBMS(L),DBMS(L),X,X,X,X
saturday,CSE-20,X,X,OS,OOPJ,OS(L),OS(L),X,X,X,X
monday,CSE-21,X,X,X,DSS,COA,STW,X,OS,OOPJ(L),OOPJ(L)
tuesday,CSE-21,X,X,X,OS,DBMS,OOPJ,X,STW,DSS,COA
wednesday,CSE-21,X,VT(L),VT(L),X,X,X,STW,COA,DSS,X
thursday,CSE-21,X,X,X,X,X,X,X,X,X,X
friday,CSE-21,X,X,X,OOPJ,COA,DBMS,X,DSS,DBMS(L),DBMS(L)
saturday,CSE-21,X,X,X,OOPJ,DBMS,OS,X,X,OS(L),OS(L)
monday,CSE-22,COA,OOPJ(L),OOPJ(L),OS,DBMS,DSS,X,X,X,X
tuesday,CSE-22,DSS,DBMS,OS,COA,STW,OOPJ,X,X,X,X
wednesday,CSE-22,DSS,OS,OOPJ,DBMS,STW,COA,X,X,X,X
thursday,CSE-22,X,VT(L),VT(L),X,X,X,OS(L),OS(L),DSS,COA
friday,CSE-22,X,X,X,X,X,X,X,X,X,X
saturday,CSE-22,X,DBMS(L),DBMS(L),OOPJ,X,X,X,X,X,X
monday,CSE-23,X,X,X,DSS,DBMS,COA,X,OS,DBMS(L),DBMS(L)
tuesday,CSE-23,X,X,X,OOPJ,DSS,OS,X,DBMS,COA,STW
wednesday,CSE-23,X,X,X,DBMS,OS(L),OS(L),X,STW,OOPJ,COA
thursday,CSE-23,X,X,X,OS,COA,DSS,X,OOPJ,STW,X
friday,CSE-23,X,VT(L),VT(L),X,X,X,OOPJ(L),OOPJ(L),DSS,X
saturday,CSE-23,X,X,X,X,X,X,X,X,X,X
monday,CSE-24,X,X,X,X,X,X,X,X,X,X
tuesday,CSE-24,OS,DBMS,DSS,COA,DBMS(L),DBMS(L),X,X,X,X
wednesday,CSE-24,COA,OS,OOPJ,DSS,OS(L),OS(L),X,X,X,X
thursday,CSE-24,COA,STW,DSS,X,VT(L),VT(L),X,X,X,X
friday,CSE-24,OS,STW,COA,DSS,DBMS,OOPJ,X,X,X,X
saturday,CSE-24,X,X,DBMS,X,X,X,OOPJ(L),OOPJ(L),OOPJ,X
monday,CSE-25,COA,STW,DSS,X,X,X,OS(L),OS(L),OOPJ,X
tuesday,CSE-25,X,X,X,STW,OS,COA,X,OOPJ,DSS,X
wednesday,CSE-25,X,X,X,DBMS,OS,OOPJ,X,X,VT(L),VT(L)
thursday,CSE-25,X,X,X,DSS,COA,DBMS,X,OS,OOPJ(L),OOPJ(L)
friday,CSE-25,X,X,X,STW,DBMS(L),DBMS(L),X,DSS,COA,DBMS
saturday,CSE-25,X,X,X,X,X,X,X,X,X,X
monday,CSE-26,DSS,OS,DBMS,X,VT(L),VT(L),X,X,X,X
tuesday,CSE-26,DSS,COA,STW,X,X,X,DBMS(L),DBMS(L),DBMS,X
wednesday,CSE-26,X,DBMS,COA,OS,OOPJ,X,X,X,X,X
thursday,CSE-26,OOPJ,OS,DSS,COA,OS(L),OS(L),X,X,X,X
friday,CSE-26,OOPJ,OOPJ(L),OOPJ(L),DSS,COA,STW,X,X,X,X
saturday,CSE-26,X,X,X,X,X,X,X,X,X,X
monday,CSE-27,X,X,X,COA,DSS,STW,X,X,VT(L),VT(L)
tuesday,CSE-27,X,X,X,COA,STW,OOPJ,X,OS,DSS,DBMS
wednesday,CSE-27,DBMS,OOPJ,OS,X,X,X,DBMS(L),DBMS(L),DSS,X
thursday,CSE-27,X,X,X,X,X,X,X,X,X,X
friday,CSE-27,X,X,X,DSS,STW,OS,X,COA,OS(L),OS(L)
saturday,CSE-27,X,X,X,X,OOPJ,COA,X,DBMS,OOPJ(L),OOPJ(L)
monday,CSE-28,DSS,DBMS(L),DBMS(L),STW,COA,DBMS,X,X,X,X
tuesday,CSE-28,DBMS,COA,DSS,X,VT(L),VT(L),X,X,X,X
wednesday,CSE-28,COA,OS,OOPJ,DSS,STW,X,X,X,X,X
thursday,CSE-28,DSS,OS,COA,X,X,X,OS(L),OS(L),OOPJ,X
friday,CSE-28,X,X,X,X,X,X,X,X,X,X
saturday,CSE-28,OS,OOPJ(L),OOPJ(L),DBMS,OOPJ,X,X,X,X,X
monday,CSE-29,X,X,X,DSS,DBMS(L),DBMS(L),X,STW,DBMS,COA
tuesday,CSE-29,X,X,X,COA,OS,OOPJ,X,X,VT(L),VT(L)
wednesday,CSE-29,X,X,X,COA,OS(L),OS(L),X,STW,OS,DSS
thursday,CSE-29,X,X,X,DBMS,OS,STW,X,OOPJ,DSS,X
friday,CSE-29,DSS,COA,DBMS,X,X,X,OOPJ(L),OOPJ(L),OOPJ,X
saturday,CSE-29,X,X,X,X,X,X,X,X,X,X
monday,CSE-30,X,X,X,X,X,X,X,X,X,X
tuesday,CSE-30,DSS,DBMS(L),DBMS(L),DBMS,OOPJ,OS,X,X,X,X
wednesday,CSE-30,DSS,COA,STW,X,VT(L),VT(L),X,X,X,X
thursday,CSE-30,COA,OS(L),OS(L),DSS,STW,DBMS,X,X,X,X
friday,CSE-30,OS,OOPJ(L),OOPJ(L),COA,OOPJ,DSS,X,X,X,X
saturday,CSE-30,DBMS,OOPJ,COA,X,X,X,OS,X,X,X
monday,CSE-31,DSS,STW,COA,X,X,X,OS(L),OS(L),OS,X
tuesday,CSE-31,X,X,X,X,X,X,X,X,X,X
wednesday,CSE-31,X,X,X,COA,STW,DSS,X,X,VT(L),VT(L)
thursday,CSE-31,X,X,X,DBMS,COA,OOPJ,X,DSS,OOPJ(L),OOPJ(L)
friday,CSE-31,X,X,X,OS,OOPJ,DBMS,X,DSS,STW,COA
saturday,CSE-31,X,X,X,OOPJ,DBMS,X,X,OS,DBMS(L),DBMS(L)
monday,CSE-32,DSS,COA,STW,X,VT(L),VT(L),X,X,X,X
tuesday,CSE-32,OOPJ,COA,DBMS,X,X,X,OOPJ(L),OOPJ(L),DSS,X
wednesday,CSE-32,X,X,X,X,X,X,X,X,X,X
thursday,CSE-32,OS,STW,OOPJ,DSS,COA,DBMS,X,X,X,X
friday,CSE-32,X,OS(L),OS(L),COA,OS,DSS,X,X,X,X
saturday,CSE-32,X,OOPJ,DBMS,OS,DBMS(L),DBMS(L),X,X,X,X
monday,CSE-33,X,X,X,X,COA,DSS,X,X,VT(L),VT(L)
tuesday,CSE-33,X,X,X,STW,COA,DBMS,X,OS,OOPJ(L),OOPJ(L)
wednesday,CSE-33,DSS,STW,OS,X,X,X,OS(L),OS(L),OOPJ,X
thursday,CSE-33,X,X,X,COA,STW,DSS,X,OS,DBMS,OOPJ
friday,CSE-33,X,X,X,DSS,DBMS(L),DBMS(L),X,OOPJ,DBMS,COA
saturday,CSE-33,X,X,X,X,X,X,X,X,X,X
monday,CSE-34,DBMS,STW,COA,DSS,OOPJ(L),OOPJ(L),X,X,X,X
tuesday,CSE-34,STW,DSS,OOPJ,X,VT(L),VT(L),X,X,X,X
wednesday,CSE-34,DSS,DBMS(L),DBMS(L),OS,OOPJ,COA,X,X,X,X
thursday,CSE-34,DBMS,COA,DSS,X,X,X,OS(L),OS(L),OS,X
friday,CSE-34,X,X,X,X,X,X,X,X,X,X
saturday,CSE-34,X,X,OS,DBMS,OOPJ,COA,X,X,X,X
monday,CSE-35,X,X,X,DSS,DBMS(L),DBMS(L),X,DBMS,OS,COA
tuesday,CSE-35,X,X,X,COA,OOPJ,STW,X,X,VT(L),VT(L)
wednesday,CSE-35,X,X,X,COA,OS(L),OS(L),X,DSS,OOPJ,X
thursday,CSE-35,X,X,X,COA,OS,OOPJ,X,DBMS,STW,DSS
friday,CSE-35,DBMS,STW,DSS,X,X,X,OOPJ(L),OOPJ(L),OS,X
saturday,CSE-35,X,X,X,X,X,X,X,X,X,X
monday,CSE-36,X,X,X,X,X,X,X,X,X,X
tuesday,CSE-36,COA,OOPJ(L),OOPJ(L),DBMS,DSS,OOPJ,X,X,X,X
wednesday,CSE-36,COA,OOPJ,DSS,X,VT(L),VT(L),X,X,X,X
thursday,CSE-36,DSS,STW,DBMS,OS,OS(L),OS(L),X,X,X,X
friday,CSE-36,DBMS,STW,DSS,OOPJ,OS,COA,X,X,X,X
saturday,CSE-36,X,X,COA,X,X,X,DBMS(L),DBMS(L),OS,X
monday,CSE-37,COA,OS(L),OS(L),X,X,X,DSS,OOPJ,STW,X
tuesday,CSE-37,X,X,X,X,X,X,X,X,X,X
wednesday,CSE-37,X,X,X,X,VT(L),VT(L),X,DSS,STW,OOPJ
thursday,CSE-37,X,X,X,OS,OOPJ(L),OOPJ(L),X,DSS,COA,DBMS
friday,CSE-37,X,X,X,STW,OOPJ,DSS,X,OS,COA,DBMS
saturday,CSE-37,X,X,X,X,DBMS(L),DBMS(L),X,OS,COA,DBMS
monday,CSE-38,OS,COA,DSS,X,VT(L),VT(L),X,X,X,X
tuesday,CSE-38,OOPJ,DSS,COA,X,X,X,OS(L),OS(L),DBMS,X
wednesday,CSE-38,X,X,X,X,X,X,X,X,X,X
thursday,CSE-38,DSS,DBMS(L),DBMS(L),OOPJ,STW,COA,X,X,X,X
friday,CSE-38,STW,OOPJ(L),OOPJ(L),DSS,OS,DBMS,X,X,X,X
saturday,CSE-38,X,X,OOPJ,DBMS,OS,COA,X,X,X,X
monday,CSE-39,X,X,X,COA,DSS,OOPJ,X,DBMS,OS,STW
tuesday,CSE-39,X,X,X,STW,COA,DSS,X,X,VT(L),VT(L)
wednesday,CSE-39,COA,OS,OOPJ,X,X,X,OOPJ(L),OOPJ(L),DSS,X
thursday,CSE-39,X,X,X,X,X,X,X,X,X,X
friday,CSE-39,X,X,X,DBMS,DBMS(L),DBMS(L),X,DSS,COA,STW
saturday,CSE-39,X,X,X,OS,OS(L),OS(L),X,OOPJ,DBMS,X
monday,CSE-40,OS,STW,DSS,COA,OOPJ,DBMS,X,X,X,X
tuesday,CSE-40,STW,DSS,COA,X,VT(L),VT(L),X,X,X,X
wednesday,CSE-40,DSS,DBMS(L),DBMS(L),COA,STW,OS,X,X,X,X
thursday,CSE-40,DBMS,OOPJ,COA,X,X,X,OS(L),OS(L),DSS,X
friday,CSE-40,X,X,X,X,X,X,X,X,X,X
saturday,CSE-40,OS,OOPJ(L),OOPJ(L),DBMS,OOPJ,X,X,X,X,X
monday,CSE-41,X,X,X,DBMS,DSS,STW,X,X,VT(L),VT(L)
tuesday,CSE-41,X,X,X,COA,DBMS(L),DBMS(L),X,OS,DBMS,OOPJ
wednesday,CSE-41,X,X,X,OS,DSS,X,X,COA,OS(L),OS(L)
thursday,CSE-41,X,X,X,STW,DSS,DBMS,X,OS,OOPJ,COA
friday,CSE-41,OOPJ,STW,DSS,X,X,X,OOPJ(L),OOPJ(L),COA,X
saturday,CSE-41,X,X,X,X,X,X,X,X,X,X
monday,CSE-42,X,X,X,X,X,X,X,X,X,X
tuesday,CSE-42,DBMS,OS,COA,OOPJ,STW,DSS,X,X,X,X
wednesday,CSE-42,DSS,DBMS,STW,COA,DBMS(L),DBMS(L),X,X,X,X
thursday,CSE-42,COA,OS,DSS,X,VT(L),VT(L),X,X,X,X
friday,CSE-42,DSS,OOPJ(L),OOPJ(L),STW,OOPJ,COA,X,X,X,X
saturday,CSE-42,X,X,X,OS,DBMS,OOPJ,OS(L),OS(L),X,X
monday,CSE-43,STW,OS,DSS,X,X,X,OS(L),OS(L),COA,X
tuesday,CSE-43,X,X,X,DSS,OOPJ,STW,X,DBMS,OOPJ(L),OOPJ(L)
wednesday,CSE-43,X,X,X,X,COA,DBMS,X,X,VT(L),VT(L)
thursday,CSE-43,X,X,X,DSS,COA,OOPJ,X,OS,DBMS(L),DBMS(L)
friday,CSE-43,X,X,X,OOPJ,DSS,STW,X,DBMS,COA,OS
saturday,CSE-43,X,X,X,X,X,X,X,X,X,X
monday,CSE-44,DBMS,DSS,OOPJ,X,VT(L),VT(L),X,X,X,X
tuesday,CSE-44,DSS,OOPJ,COA,X,X,X,OOPJ(L),OOPJ(L),STW,X
wednesday,CSE-44,X,COA,OS,OOPJ,STW,DBMS,X,X,X,X
thursday,CSE-44,DSS,DBMS(L),DBMS(L),COA,DBMS,OS,X,X,X,X
friday,CSE-44,STW,OS,DSS,COA,OS(L),OS(L),X,X,X,X
saturday,CSE-44,X,X,X,X,X,X,X,X,X,X
monday,CSE-45,X,X,X,DSS,STW,OOPJ,X,X,VT(L),VT(L)
tuesday,CSE-45,X,X,X,OS,OOPJ(L),OOPJ(L),X,DBMS,DSS,COA
wednesday,CSE-45,X,DBMS,DSS,X,X,X,DBMS(L),DBMS(L),STW,COA
thursday,CSE-45,X,X,X,X,X,X,X,X,X,X
friday,CSE-45,X,X,X,COA,OOPJ,DBMS,X,OS,STW,DSS
saturday,CSE-45,X,X,X,OS,OS(L),OS(L),X,COA,OOPJ,X
monday,CSE-46,OOPJ,OS(L),OS(L),STW,DSS,COA,X,X,X,X
tuesday,CSE-46,OOPJ,OS,STW,X,VT(L),VT(L),X,X,X,X
wednesday,CSE-46,OS,OOPJ(L),OOPJ(L),DSS,DBMS,COA,X,X,X,X
thursday,CSE-46,DBMS,COA,OOPJ,X,X,X,DBMS(L),DBMS(L),DSS,X
friday,CSE-46,X,OS,DBMS,DSS,COA,STW,X,X,X,X
saturday,CSE-46,X,X,X,X,X,X,X,X,X,X
monday,CSE-47,X,X,X,DSS,DBMS(L),DBMS(L),X,COA,DBMS,X
tuesday,CSE-47,X,X,X,DSS,COA,STW,X,X,VT(L),VT(L)
wednesday,CSE-47,X,X,X,OOPJ,OS,DBMS,X,COA,OS(L),OS(L)
thursday,CSE-47,X,X,X,STW,DBMS,OS,X,OOPJ,DSS,COA
friday,CSE-47,X,OOPJ,DSS,X,X,X,OOPJ(L),OOPJ(L),OS,STW
saturday,CSE-47,X,X,X,X,X,X,X,X,X,X
monday,CSE-48,X,X,X,X,X,X,X,X,X,X
tuesday,CSE-48,STW,OS(L),OS(L),COA,DBMS,DSS,X,X,X,X
wednesday,CSE-48,DSS,OOPJ(L),OOPJ(L),OOPJ,COA,STW,X,X,X,X
thursday,CSE-48,OS,COA,DSS,X,VT(L),VT(L),X,X,X,X
friday,CSE-48,DSS,OS,STW,DBMS,COA,OOPJ,X,X,X,X
saturday,CSE-48,X,X,OOPJ,X,X,X,DBMS(L),DBMS(L),OS,DBMS
monday,CSE-49,STW,DSS,X,X,X,X,DBMS(L),DBMS(L),COA,OOPJ
tuesday,CSE-49,X,X,X,STW,DSS,COA,X,OOPJ,DBMS,OS
wednesday,CSE-49,X,X,X,COA,OS(L),OS(L),X,X,VT(L),VT(L)
thursday,CSE-49,X,X,X,OS,DSS,DBMS,X,OOPJ,OOPJ(L),OOPJ(L)
friday,CSE-49,X,X,X,OS,DBMS,COA,X,DSS,STW,X
saturday,CSE-49,X,X,X,X,X,X,X,X,X,X
monday,CSE-50,COA,OS,DSS,OOPJ,STW,X,X,X,X,X
tuesday,CSE-50,COA,DSS,STW,X,X,X,OOPJ(L),OOPJ(L),OOPJ,DBMS
wednesday,CSE-50,X,X,X,X,X,X,X,X,X,X
thursday,CSE-50,DSS,OS,OOPJ,COA,DBMS(L),DBMS(L),X,X,X,X
friday,CSE-50,STW,DBMS,DSS,X,VT(L),VT(L),X,X,X,X
saturday,CSE-50,X,OS,DBMS,COA,OS(L),OS(L),X,X,X,X
monday,CSE-51,X,X,X,DSS,OS,DBMS,X,X,VT(L),VT(L)
tuesday,CSE-51,X,X,X,OS,OOPJ(L),OOPJ(L),X,COA,DBMS,DSS
wednesday,CSE-51,COA,DBMS(L),DBMS(L),X,X,X,OS,STW,OOPJ,X
thursday,CSE-51,X,X,X,OOPJ,COA,X,X,DSS,STW,DBMS
friday,CSE-51,X,X,X,OOPJ,OS(L),OS(L),X,STW,DSS,COA
saturday,CSE-51,X,X,X,X,X,X,X,X,X,X
monday,CSE-52,OS,DBMS(L),DBMS(L),STW,DBMS,COA,X,X,X,X
tuesday,CSE-52,OOPJ,STW,OS,DSS,OOPJ(L),OOPJ(L),X,X,X,X
wednesday,CSE-52,COA,DSS,STW,X,VT(L),VT(L),X,X,X,X
thursday,CSE-52,OOPJ,COA,DSS,X,X,X,OS(L),OS(L),DBMS,X
friday,CSE-52,X,DSS,OOPJ,OS,COA,DBMS,X,X,X,X
saturday,CSE-52,X,X,X,X,X,X,X,X,X,X
monday,CSE-53,X,X,X,OS,DBMS(L),DBMS(L),X,DSS,COA,OOPJ
tuesday,CSE-53,X,X,X,OS,COA,DBMS,X,X,VT(L),VT(L)
wednesday,CSE-53,X,X,X,DBMS,COA,STW,X,DSS,OOPJ(L),OOPJ(L)
thursday,CSE-53,X,X,X,STW,DBMS,X,X,DSS,OOPJ,OS
friday,CSE-53,COA,STW,OOPJ,X,X,X,OS(L),OS(L),DSS,X
saturday,CSE-53,X,X,X,X,X,X,X,X,X,X
monday,CSE-54,OOPJ,DSS,DBMS,X,X,X,COA,STW,X,X
tuesday,CSE-54,COA,OS(L),OS(L),OS,DBMS,DSS,X,X,X,X
wednesday,CSE-54,DBMS,STW,COA,OS,OOPJ(L),OOPJ(L),X,X,X,X
thursday,CSE-54,COA,OOPJ,OS,DSS,DBMS(L),DBMS(L),X,X,X,X
friday,CSE-54,OOPJ,STW,DSS,X,VT(L),VT(L),X,X,X,X
saturday,CSE-54,X,X,X,X,X,X,X,X,X,X
monday,CSE-55,DSS,DBMS,OS,X,X,X,OS(L),OS(L),COA,X
tuesday,CSE-55,X,X,X,X,DSS,OOPJ,X,OS,STW,COA
wednesday,CSE-55,X,X,X,DBMS,COA,OS,X,X,VT(L),VT(L)
thursday,CSE-55,X,X,X,DSS,DBMS(L),DBMS(L),X,STW,DBMS,OOPJ
friday,CSE-55,X,X,X,DSS,OOPJ(L),OOPJ(L),X,COA,STW,OOPJ
saturday,CSE-55,X,X,X,X,X,X,X,X,X,X
monday,IT-1,X,X,X,DSS,OS(L),OS(L),X,ITC,IND4,EECO
tuesday,IT-1,X,OS,DBMS,X,X,X,X,EECO,DSS,X
wednesday,IT-1,X,X,X,X,X,X,X,X,X,X
thursday,IT-1,X,X,X,DBMS,EECO,OS,X,DSS,IND4,ITC
friday,IT-1,X,X,X,X,VT(L),VT(L),X,DSS,DBMS,ITC
saturday,IT-1,X,X,X,OS,DBMS(L),DBMS(L),X,X,X,X
monday,IT-2,DSS,ITC,EECO,X,VT(L),VT(L),X,X,X,X
tuesday,IT-2,X,ITC,DSS,OS,DBMS,EECO,X,X,X,X
wednesday,IT-2,DSS,DBMS,OS,X,X,X,DBMS(L),DBMS(L),IND4,X
thursday,IT-2,X,X,X,X,X,X,X,X,X,X
friday,IT-2,DSS,OS,IND4,EECO,OS(L),OS(L),X,X,X,X
saturday,IT-2,ITC,DBMS,X,X,X,X,X,X,X,X
monday,IT-3,X,X,X,IND4,OS(L),OS(L),X,EECO,DSS,X
tuesday,IT-3,X,X,X,ITC,OS,EECO,X,DSS,IND4,DBMS
wednesday,IT-3,X,X,X,DSS,OS,X,X,X,VT(L),VT(L)
thursday,IT-3,X,EECO,ITC,X,X,X,X,DBMS,DSS,X
friday,IT-3,X,X,X,X,X,X,X,X,X,X
saturday,IT-3,X,X,X,ITC,DBMS(L),DBMS(L),X,OS,DBMS,X
monday,IT-4,DSS,OS,ITC,EECO,OS(L),OS(L),X,X,X,X
tuesday,IT-4,X,EECO,IND4,X,VT(L),VT(L),X,X,X,X
wednesday,IT-4,X,IND4,EECO,ITC,DBMS,DSS,X,X,X,X
thursday,IT-4,X,ITC,OS,DSS,DBMS,X,X,X,X,X
friday,IT-4,X,OS,DBMS,X,X,X,DBMS(L),DBMS(L),DSS,X
saturday,IT-4,X,X,X,X,X,X,X,X,X,X
monday,IT-5,X,X,X,X,X,X,X,X,X,X
tuesday,IT-5,X,X,X,DSS,EECO,X,X,OS,X,X
wednesday,IT-5,X,X,X,IND4,DBMS,ITC,X,DSS,DBMS(L),DBMS(L)
thursday,IT-5,X,X,X,X,VT(L),VT(L),X,EECO,ITC,DSS
friday,IT-5,X,X,X,IND4,ITC,DBMS,X,EECO,DSS,OS
saturday,IT-5,X,DBMS,OS,X,X,X,OS(L),OS(L),X,X
monday,CSCE-1,X,VT(L),VT(L),X,X,X,DSS,EECO,OOPJ,IS
tuesday,CSCE-1,X,X,X,X,X,X,X,X,X,X
wednesday,CSCE-1,X,X,X,OS,DBMS,DSS,X,EECO,OOPJ,X
thursday,CSCE-1,X,X,X,X,DSS,IS,X,OOPJ,EECO,OS
friday,CSCE-1,X,X,X,DSS,OS(L),OS(L),X,DBMS,OOPJ(L),OOPJ(L)
saturday,CSCE-1,X,X,X,IS,DBMS,X,X,OS,DBMS(L),DBMS(L)
monday,CSCE-2,X,DSS,IS,DBMS,OOPJ,EECO,X,X,X,X
tuesday,CSCE-2,X,VT(L),VT(L),X,X,X,OS,DSS,OOPJ,X
wednesday,CSCE-2,X,X,X,X,X,X,X,X,X,X
thursday,CSCE-2,OS,IS,DSS,EECO,OOPJ(L),OOPJ(L),X,X,X,X
friday,CSCE-2,X,DSS,EECO,DBMS,DBMS(L),DBMS(L),X,X,X,X
saturday,CSCE-2,OOPJ,OS(L),OS(L),OS,IS,DBMS,X,X,X,X
monday,CSCE-3,X,X,X,DSS,DBMS,X,X,EECO,IS,X
tuesday,CSCE-3,X,X,X,OOPJ,OS(L),OS(L),X,OS,DSS,EECO
wednesday,CSCE-3,X,VT(L),VT(L),X,X,X,IS,OS,DSS,OOPJ
thursday,CSCE-3,X,X,X,X,X,X,X,X,X,X
friday,CSCE-3,X,X,X,DBMS,IS,EECO,X,DSS,DBMS(L),DBMS(L)
saturday,CSCE-3,X,X,X,OS,OOPJ,X,X,DBMS,OOPJ(L),OOPJ(L)
monday,CSSE-1,X,X,X,X,DBMS(L),DBMS(L),X,PSS,DSS,DBMS
tuesday,CSSE-1,X,X,X,IND4,PSS,EECO,X,DSS,DBMS,OS
wednesday,CSSE-1,X,X,X,EECO,DSS,X,X,IND4,PSS,DBMS
thursday,CSSE-1,X,VT(L),VT(L),X,X,X,EECO,OS,PSS,DSS
friday,CSSE-1,X,X,X,X,X,X,X,X,X,X
saturday,CSSE-1,X,X,X,X,X,X,X,OS,OS(L),OS(L)
monday,CSSE-2,X,PSS,DSS,IND4,X,X,X,X,X,X
tuesday,CSSE-2,DBMS,OS,X,PSS,OS(L),OS(L),X,X,X,X
wednesday,CSSE-2,DSS,DBMS,IND4,EECO,OS,X,X,X,X,X
thursday,CSSE-2,OS,PSS,EECO,DSS,DBMS(L),DBMS(L),X,X,X,X
friday,CSSE-2,X,VT(L),VT(L),X,X,X,EECO,PSS,DSS,DBMS
saturday,CSSE-2,X,X,X,X,X,X,X,X,X,X
